39490282	a young black man wearing no shirt and low-riding jeans is popping a wheelie on a bicycle while listening to music through an earbud .
6492500461	two female volleyball players on the court with the one in the front falling because she missed the ball .
2643601560	a woman walking through a parking lot with no shoes on .
4500680173	a young japanese man does not like his picture taken .
4953626913	two men sit together and a woman is not too far from them under a bridge as all three watch the water in front of them .
8008558496	roofer going to get the rest of his tools after realizing the chainsaw is n't the right tool for the job .
8137819284	a horse has fallen down on the green grass and the jockey riding on top is trying his hardest to not fall off .
371522748	the little boy in the blue t-shirt is smiling under the blue umbrella even though it is not raining .
3726730085	a man with no shirt holding a baby aloft .
4741726894	two enormous elephants standing on a platform not fenced in , with a lady sitting causally sitting on a bench , in front of them .
310277258	a young woman is not wearing clothes and is taking a picture of herself .
4817877393	a man in plaid pants and a vest is speaking into a microphone to a group of people , who do n't appear to be looking at him .
3051598721	a groom holding up his bride 's train to ensure that it does n't get wet on a rainy day .
3288912340	a kid sitting with no shirt or shoes on examining something he has found .
4654284177	people playing pool , one is a man wearing a blue shirt and the others are women but their heads are not within the camera shot .
3706020467	a boy is sitting on a small boat with two flags flying from it not far from the coast with some trees in the background .
4621091937	the gentlemen wait not speaking to one another .
4814335297	a middle-aged man with a backpack playfully pretends to box with younger child who does not look phased .
1035019794	a girl hitting a softball but she missed the ball .
6921501861	a young oriental girl receives help on a science project from an adult , not completely seen in the image .
2656890977	the boy who is walking is wearing gray shorts and no shirt .
2251992614	a busy street of people and two men are wearing no shirts .
3697675767	a dirt bike racer jumping off a hill with another racer not far behind .
4691045262	a man with long gray hear and a mustache sits on the ground and has on no shoes .
4501260537	a woman in a yellow shirts walks through a park with her dog not far behind .
189740668	a man climbs up a cliff face with no safety equipment .
7148370683	a black or mixed-race man wearing a denim jacket and baseball cap is holding one arm in the air and with his other hand is holding a microphone to his mouth , but he is not saying anything at the moment the picture is taken .
236095031	a man is rock climbing without a shirt
2087764795	an older man , not white , is sitting at a table attempting to sell different varieties of soda and cigarettes , including pepsi , orange fanta , and marlboro .
543264612	a young boy with no shirt and white shorts .
3101796900	a lack dog and a brown and white dog run on a gravel surface with something red underfoot .
3733511876	two men without shirt are standing on a grassy area next to a boy with his bicycle .
3873835329	"a good-looking firefighter sets up "" do not cross "" tape in the city ."
6555213067	a bunch of kids in a classroom not doing any work .
7714755346	a young man with no shirt on is riding a bike .
7697342662	three men , one wearing a hat and two who are not , are kneeling on the ground digging in the dirt surrounding a cement platform .
2488783398	there is n't a lot of action just a guy at a hotdog stand on normal day .
3367204560	a baseball player reaches the base without being touched by the opposing player .
2797135460	child in the road have no clothes
264461048	a blond girl sits at a bar next to a few other men who are not paying attention to her and she is sad .
3867054856	a man with no shirt and purple pants crouches while tampering with a metallic object .
7988460137	a male with no hair is exercising with waits in a gym .
3876652419	three young boys are engaged in a game of do n't drop the melon .
517942470	a small to medium sized white short-haired dog is looking up at an owner not in the photo .
2082620071	two people are crossing the street , even though the sign says they should not be .
336411072	a barefooted man with no shirt on is playing a guitar .
4730353471	the colorful streets of a southeast asian city are lined with a few pedestrians , a few cyclists , but no automobiles .
4923472130	a man sits alone in front of a building , hanging his head so low it appears to not exist .
4091988669	a bike is flying in the air without a rider on a half pipe .
5321755236	an adult surrounded with nothing but sand leaping into the air .
3499433493	three human carriages that are not in service , two of them being used by barefoot men for shade on a hot day .
2957688236	us troops keeping calm in a no fly zone at one of the crucial points in tripoli , libya .
2592821012	three young people stand on a stage outside with guitars over their shoulders in front of a crowd , with one person in the crowd also holding a guitar , but many of the people in the crowd do n't seem to be too interested in what is happening on stage .
413588617	a man with no shirt jumps of a ledge into the water .
3473411697	a man without a shirt wearing black jogging shorts and a woman in a black t-shirt and red shorts jog together through a park .
7421074812	the men decided it would be a nice day to take the boat out for a ride and pose together because they do n't see each other often .
6321643151	a man with a disability who does n't have legs is walking with another man who is entered into a marathon .
402897160	a man is shoveling snow without a hat or gloves .
4471009222	a lady thinking that she should not have bought such a hideous purse .
4868905774	two kids are looking up , one has no shirt and the other has on a white shirt with a stool on his head .
199604929	eight young girls in a school gym are on mats , wearing gym clothes and practicing cheerleader moves while in the background are the backs of two more young girls , not on the mats , who are also practicing moves .
4265806100	two men not wearing any pants are sitting next to each other , both reading , on public transportation .
5893468050	a baseball player wearing a blue uniform with the letter 16 on it , is attempting to hit the base without the opposite team tagging him out .
2681215810	a man with no shirt on is holding a football .
2906054175	a man wearing no shirt begins to jump from a drum into a crowd of others .
4609961499	a boy is riding a bicycle with no hands near a group of people .
7259436202	an elderly gentleman displays that he still has n't lost his knowledge of how to operate , with just a couple of horses and an old plow , free of automation .
4502384999	i do n't see a picture i do n't see a picture i do n't see a picture i do n't see a picture
149882790	a man with medium length hair , wearing a red beanie and blue shorts with no shirt , on one knee at the beach , sculpting a sand castle with a trough .
39397486	a kid eating out of a plate without using his hands .
4752537082	man during sunny afternoon top of roof fixing light without shirt .
2540360421	a man without a shirt climbs a rock wall with help from a red rope .
4938776115	a man without a shirt , sitting on a chair on a riverbank , talking on a cellphone .
6858393129	a white guy in the middle of missing another layup .
2617242703	a man is welding without the proper safety equipment on .
62525206	two men on their laptops not talking to each other .
4713156011	dark-skinned individual having a failed high jump attempt .
3009520538	one older man in a game preserve is standing with ear protection on while a younger man not wearing ear protection holds a rifle .
4671738012	"a man in a blue button up shirt making a speech with a sign next to him saying , "" no more u.s. dollars to israeli pirates and murderers . """
4511585083	a puppy with no tail is held by its collar by its owner .
226310408	a man without shirt is working with woods .
4022995667	a woman wearing black leggings and a black tank top is running in a race while bicyclists follow not far behind .
4393321765	this man is looking at shirts in a store where the language is not english .
6853913173	the men are without shirt and still enjoying the cold temperature outside their cabin .
3060537675	a young child with no shirt and flip-flops sits on a skateboard in the middle of a street .
4956164135	four buddhist monks walk down a street ... and no , this is n't the beginning of a joke .
5903545909	man with number eleven uniform making a dive and missing the ball during a baseball game .
6942665758	this dog does n't seem to appreciate how awesome his hat is .
1775029934	a wild animal not found in america jumping through a field .
3859858842	a man walking in the sand with no shoes on .
4441985805	a group of three people pose for a picture with smile while another sits aside without smiling .
5249006378	a young black man sits in a unfinished brick and mortar building , the large window to his left has no glass , it is daytime and the sun drenches the room , he sits at simple bench and desk holding two blue pens and reading from one of the two note books that lay on the desk , he wears a yellow polo and lights blue shorts .
7027460567	run , run careful do n't hit the van .
195065912	a young teen boy is skateboard wearing some long black shorts and no shirt on .
20804307	that hotdog just was n't going down right , was it the drinking or the burnt dog ?
3697675767	a bicycle rider flies over a hill while a competitor is not far behind .
3698636872	a little asian girl standing in the mud with no shoes and holding a red umbrella .
1082379191	a lady and a man with no shirt sit on a dock .
2193980605	a group of six people have jumped into the air in the middle of nowhere and one is catching a ball .
7320251226	a goalie on a hockey team with the colors of blue , white and yellow , ice skated pass the goal and did not manage to block the puck from the opposing team from going into his goal .
7385259738	an older man holds a hammer while watching something we ca n't see .
153299765	variety is the spice of life no matter what the culture may be .
2613920405	a man walks down the road leading a cow with no rider and another cow with a rider .
2883099128	a man without a shirt playing tennis .
1479513774	"a woman in a green jacket presses the "" do not walk "" button so she can cross the road ."
226310408	dark-haired man with no shirt standing outside .
4872533521	"a man talking on a cellphone passes by a billboard stating , "" never sleep again . """
1316458112	two men not looking at pictures .
3690220248	a man walking with no shirt on and wearing sunglasses .
1247484195	a young girl in a yellow dress and no shoes dancing on the dugout at a baseball game .
4840742835	the bagel shop is no longer in business .
5692076205	a male guitar player is vigorously singing a not to a song in a poorly lit room .
1313869424	a man with no shirt fishing .
236095031	the climber is hanging off a vertical cliff with gear but no shirt .
3265578645	the person looks cautiously into traffic to be sure no car is coming .
4622993220	"a young asian woman walks past a blue wall that says "" post no bills . """
6300032355	a man and women are holding hands and dancing with many people in the background but they are not paying attention to them .
5918840	this guy is trying to not get booted in the rear by this bull , looks like he is doing pretty good .
7295359360	man playing for a baseball team with a blue protective hat and baseball uniform , playing for south carolina , is swinging the bat and missing the ball .
1035019794	the batter missed the ball .
3639428663	man in hat and overalls with no shirt standing with man in striped shirt
4610036299	a woman with boots on sitting and not wanting a picture taken of her .
4122674603	a native american person with missing teeth , a red hat and a red wrap or blanket , is smiling .
4205752656	a woman wears her hair down and does not have her head covered like those around her .
4665595084	"a group of people standing next to a "" no truck 's "" sign and a yellow street sign ."
5686865855	two men without shirts on working on a roof of a building that has been damaged .
2638054798	two young boys are outside talking and are n't wearing shirts .
4385122946	a man with a beard wearing no shirt fixes a bike .
8039814484	four men are sitting in front of two large windows ; one man is playing a guitar , one is playing the bongo drums , and two are sitting back without instruments .
2797135460	little boy in red pants , no shirt , picking his teeth .
2602083686	two ladies are wearing nothing except body paint and riding on bicycles in a street fair .
43499667	a man with no shirt is wearing gloves and holding a mask .
4609961499	a boy rides a bicycle with no hands and a sign on his shirt in the shape of a lemon that says $ 1 .
7024967087	man with no shirt and woman wearing all black are running in the sand .
228866972	a boy wearing black pants and no shirt plays with a white balloon .
2656890977	a skinny young man running with no shirt on
3102521400	a bald mad smokes a cigarette beside a pillar adorned with a poster of a missing young woman .
3202592293	a man pulls a yellow hose , there is a shadow in the background that is clearly not his own .
4861232893	two young boys wearing shorts , no shirt , and blue crocs , standing on a rock posing for a photo with an open field and trees in the background .
4731681353	a cyclist riding with no hands in a race .
7175447793	two ladies dressed similarly without shoes on , doing a dance on a stage .
7808167068	a surfer balances on a surfboard while another surfer is not on his board in the background .
2963949355	a middle-aged man 's shaving his beard in a room with white walls which does n't look like a bathroom .
3099504809	a young man climbing on a rock with no shirt on
2642336024	a construction worker pointing to an object or area not seen in photo .
6526219567	a statue at a museum that no seems to be looking at .
4384686805	a man with no shoes on is watching the sunset over a town .
2201202388	a young guy is brushing his teeth with no shirt standing in front of a mirror wearing his goggles .
1255599434	three children wearing swim trunks and no shirts play in the surf .
7199683822	the man , with no shirt , reaches into a bucket to extract the substance inside .
7502965482	"an elderly man is holding a flag pole with a "" do not tread on me "" flag and a sign that says "" thank you u.s. troops . """
3944884778	people are hiking up a mountain with no greenery .
4857763702	a french bike cab with no passengers , sitting by a crosswalk .
263428541	a man is riding a bucking horse trying to hold on and not get thrown off .
2555809473	a young woman is rock climbing with no rock climbing gear on .
4694306241	a man in a blue cap with a blue sweatshirt is talking on a microphone while a man without a shirt smiles .
4950418907	a boy from another country is being photographed by a tourist , and he does n't know what to make of it .
2201877660	a man wearing no shirt is trimming his beard with an electric trimmer while standing in a driveway .
8208720028	an elderly indian woman who is missing most of her teeth and holding a yellow flower .
2831891201	this is a man without a shirt jumping on a trampoline .
3549186550	there 's nothing in the world like taking my kids out play and being a good dad .
4956464881	a guy in an orange shirt with no sleeves is in a marathon with a black-haired lady next to him .
4963263177	a man swinging a cricket bat and missing the ball .
4710435378	the young child sits on the swing without a thought in his mind .
2355358070	one individual with no shoes creating pottery in the sun while sitting on the ground .
906991263	a man aims his camera at something in front of him but he is n't looking through the camera .
4469878736	a woman in a short dress standing by a no parking sign .
3457964999	a man is skateboarding on a ramp without any shoes .
2376878930	a young boy playing tennis on a wet court with no shoes .
4361156028	a woman on a bus that does not look very happy and the bus seems crowded .
3898684147	two men wearing shorts and no shirts playing beach volleyball .
5475015553	young people on skateboards and one without a shirt jumping in the air .
2319917704	a man in a long-sleeved lack shirt sitting at an organ in a large building as people 3 people look on .
2716744948	a man wearing no shirt is sitting outside a barn on a rock
3743976841	two women who did not aim the camera at their faces .
766061382	a wet , smiling child without a shirt poses with arms raised .
4607217117	two men with no shirts on a balcony pointing and looking up .
6530902779	four construction workers stand on a beach-side road in the process of being rebuilt ; none of them are working .
3557148230	a little baby on a tricycle seems to not be wearing any clothes .
39490282	a man without a shirt on is riding a bicycle .
7271916272	a foreign person walks with a material down a walkway heading through a residential area of a foreign country that is not recognizable through the photo .
7199683822	a man with no shirt bent down getting something out of a bucket .
86112730	a chef standing behind a large pan of pepperoni pizza with one-fourths of the pizza missing .
2696951725	a man without a shirt poses with his arms spread next to a woman .
8038092309	two baseball players are trying to catch this ball and not dance with each other .
4007195454	a man not wearing a shirt dancing by himself with his eyes closed .
3834121899	two people are having a nontraditional marriage outside and without traditional tuxedos or dresses .
197688193	a man shaves his neck but not his beard .
3029411230	a woman in the picture has fallen down and no one is stopping to help her up .
406380299	this fruit market is not busy yet .
4763797691	three boys without shirts sit on concrete steps next to water .
527041167	a man is wearing a blue shirt , with no shoes trying to workout .
2073105823	a snowboarder rides down a handrail without snow .
4877885745	dozens of cyclists ride their bikes on a suspension bridge , with no cars visible .
3552829441	guy without a shirt in black pants doing stunts on his skateboard .
13880312	a woman at graduation without a cap on .
3559429170	a man without a shirt , wearing a helmet , jumping a bike in the air near water .
5921621723	young man with no shirt skateboarding off a ramp outdoors .
2765793811	a man with a cigarette in his mouth , with no shirt , wearing shorts .
7105511779	three people wearing helmets and crime stoppers jerseys are walking down a street in a parade , with another woman wearing a green shirt and without a helmet .
3574847368	a man wearing khaki pants and no shirt is shaving his face near a boxcar .
4713654516	a man in blue shorts without a shirt with a fit body running while listening to his ipod .
4931722021	men are covered in some red color , not wearing a top and playing checkers .
3822469102	a man without a shirt performs rollerblading tricks on a course .
1149179852	a man without a shirt on is guiding a large brown horse pulling a green and yellow wagon .
2255685792	"three people in skiing gear are standing behind a "" no skiing "" sign ."
3342309960	a skateboarder attempts a trick with no shirt on .
1001545525	two men in germany jumping over a rail at the same time without shirts .
2646577258	the cowboy in blue is trying not to be thrown off of the horse .
3864288506	a man in a beige shirt and a black helmet drives a small red vehicle with a cloth black roof and no doors or windows .
4107474314	three boys on a basketball court , wearing team uniforms , are attempting to reach a basketball which is not photographed but appears to be descending just out of their reach .
493276179	man with no shirt walking behind a truck .
96420612	a man with a wakeboard is diving over a surface that is not water .
244812876	a man wearing a floral shirt and tie is holding drumsticks , as a man with no shirt and gray pants is smiling and holding another drumstick .
4805835848	a young girl with blue and pink ribbons in her braids , without a top and a woman with a white t-shirt and a zebra skirt wading in a public water fountain .
3254657077	a man , not wearing a shirt , is sitting on a rock and looking through a makeshift telescope .
3550348169	a man with no shoes on a mountain putting a pair of pants on .
4302502831	a group of young children in a village with no paved roads .
2358877768	two very friends lost in the middle of the desert with nothing but a portable black mattress and a book with maps .
4884153815	there is no food at home and waiting for my son .
2706430695	two girls are standing in shallow water without shoes .
615927423	a dark-skinned boy with blue shorts , a black tank top , and sandals is standing on the walk or do not walk street sign .
3559429170	a boy wearing a helmet and no shirt , in the air on a bike .
392177194	five young people smiling for picture and one child not facing front
2807228428	a man in a blue ball cap and wearing no shirt working on a roof .
2326669450	five kids jumping for no real reason
3217789209	two topless men and a woman wearing a dress are splashing around waist deep in ice cold water ; the trees in the background have no leaves and the ground is covered with snow .
7723452818	onlookers are praying that the cowboy does not fall off the bull in the rodeo .
4668657397	two girls and a guy walk by large advertisement of man with no shirt on .
1459024518	"a man is standing in the doorway of a building containing a garage door painted with "" no parking . """
4504050190	"a woman wearing blue nail polish is showing her "" no regrets "" tattoo to the camera ."
3030962048	old woman missing teeth stands with metal object in hand .
205038743	a man with curly hair and glasses tries to tug a large rope on a boat to no avail .
2790695352	toddler boy with no shoes and pacifier has handheld .
3899256790	a young girl with a missing shoe is held by a woman in white pants with a black top .
401059368	this dude is asian , and works on computers all the time , not stereotyping .
4604103482	a skateboarding man with no shirt does a trick and people walk in a busy city scene .
2642772565	a woman , with no shoes on , is getting into the backseat of a car .
4260087651	a person wearing clothes that would not typically be found in us baseball is about to hit an incoming ball .
4752537082	a man without a shirt is working on top of a building with scaffolding attached .
4804607632	a man with glasses sitting at a restaurant staring at something that is not shown .
2603743747	two men without shirts are washing a roof .
6788339456	a boy band and no one even matches someone should have sent a memo .
7972860508	performing an illusion in a mall while people watch , completely clothed head-to-toe , one seated man elevates another seated man directly above him with nothing but a vertical pole between them .
2925677810	two men with no shirts are jumping , the one in the foreground is wearing yellow trunks , and the one in the background is wearing blue pants .
2614027432	hawaiian man wearing a lauhala with no shirt surrounded by tress is playing a wooded instrument while woman watches him .
4083474327	bicyclist walks bike down a tunnel that does n't allow cycling .
2638054798	two little kids without shirts are sitting down facing each other .
687019615	a man in a brown hat is helping a man with no hair up off the ground .
4301986594	"a man is holding up a card that says "" i 'm a photographer not a terrorist "" overlooking a crowd of people ."
3138562460	a large horse with gear , but no rider .
3590557969	a man wearing no shirt and a hat jumps in the air on a red bicycle .
2279906281	a soccer player with no shirt standing in the middle of the field .
261883591	a man wearing a hard hat stands in front of buildings not yet finished being built .
3527320221	two guys , with no shirts on are throwing punches while in a cage .
4232844448	middle-aged women ( maroon shirt ) holding child ( white shirt ) and a young women ( green shirt ) in the not too far distance .
398946421	man in a dark blue snow jacket with black pants and blue snowshoes , tries to make it through to a snow covered entrance and does not quite make it .
508335879	after almost landing his ball in the water , a golfer fails at his recovery shot .
474581065	four horses with cowboy riders running near a fifth horse that has no rider .
493274225	a man without a shirt walking towards a gas station .
6939157103	three college students studied quietly together missing out on a bright sunny day .
4795985772	a man without a shirt is standing next to a motorcycle , on a coast shore .
2397509331	a man is walking in front of an older home without any paint on it
4301986594	"a man holds up a tiny sign reading "" i 'm a photographer not a terrorist . """
3205882067	"a child with shaggy , straight , sandy-blonde hair holds up a misspelled sign reading "" radeo "" next to a radio-making kit ."
4846544688	a man wearing nothing but a cloth around his waist is standing , facing a crowd with a bright red substance on his back .
4737220407	rabbits can be pets not just food .
2702678131	a man with no shirt and a woman in a bikini in the water looking away from the camera .
6788100307	a man in striped socks and a brown and white jumper is using some kind of object i ca n't identify properly .
2380519648	a man with a cap and not wearing shirt is laying a wooden bench .
2133199628	someone in a red shirt and no shoes is sitting with their possessions on the road .
3002670780	three chefs in a kitchen , the left most chef is flipping something in a frying pan , the middle chef is the only one without a hat , his hands are blurred from movement , the right most chef is wearing glasses and arranging food artfully on a plate .
1616220830	a man with white shirt and blue jeans pushing a truck with a picture of a woman edwards saying real colors never dye
3323076458	a dog with no tail runs in the dirt .
2664870203	a man with a white no sleeve shirt and red shorts about to hit a volleyball .
4458126089	two people covered in paint stand behind a male who is not covered in paint , all waiting for a fresh fruit smoothie or juice .
4807475688	a man in a blue shirt with a yellow bag is alone near some trees with no leaves .
2133650765	"a young boy jumping into a pool that says "" no diving "" ."
5228334906	a child wearing blue tee-shirt playing with an orange pinata without a blindfold .
5418130134	a dance troupe of twelve people spotlighted and wearing black shirts , pants , and fedora hats holding canes above their heads being lead by another dancer dressed all in white and not wearing a fedora .
496723149	people on a highway celebrating ( i honestly do n't know )
5631556013	skinny dark complected boy , jumping into a vast of water with his nose held so water does n't rush in .
2464118785	a line of people at a carnival game , with one woman failing her right arm .
349880348	"a man sits in a dingy stall which says "" sol septu "" on the sidewalk while a man poses before the stand but does not look at it ."
226456619	a man with no shirt is leaning on a half-door .
216696529	four men in cargo shorts without shirts on are standing on metal scaffolding .
6647909243	an impoverished person , wearing a torn brown shirt and no shoes , is kneeling down along the banks of a trash infested body of water .
3434526008	the man is wearing a no sleeve shirt and blue jeans on a graffiti wall .
334890559	why are n't these girls in the kitchen instead of playing with toys ?
3517124784	a female batter misses a yellow ball while another player practices behind her .
21687074	a man with no shirt on , holding a cup , watches a woman wearing a yellow bikini top in a crowd .
282131366	a woman is walking on a rope by a lack as the sun sets .
3102521400	"a man smokes while leaning against a pillar , which has a "" missing person "" flier posted on it ."
187245342	a man without a helmet is riding a red bike .
2568347901	a man in a penguin suit runs with a man , not in a penguin suit .
2936707421	the little kid just missed a soccer kick for the goal
3726730085	a baby is lifted into the air by a man wearing no shirt .
4120624922	a guy with no shirt and no shoes , who is painting the floor .
4893568355	a guy without a shirt sleeping in front of a window .
3673069138	man with an orange shirt is grinding on stone , he is not wearing shoes .
453502006	many men , with black bags over their head and no shoes are being lead to a specific destination .
3234115903	women playing a game similar to hockey , but with no ice .
6776555426	a goalie tried and failed to defend a shot in a hockey game .
509123893	two young girls eating corn on the cob on a sidewalk without shoes .
544039045	a man without a shirt works on a roof .
1408554531	a woman whose head is not visible walks in front of a bus with an advertisement on its side .
446902008	a child with jeans and no shirt sits at the top of a mound of rocks .
4504050190	a young girl 's hand with blue nail polish and a tattoo that says ' no regrets ' in cursive lettering is clenched in a loose fist in front of a black and white zippered handbag .
4630818826	people outside , this young woman does n't look too happy .
137431253	"a girl is holding a green sign that says , "" invisible children no child should be a shoulder . """
1201218421	a woman does not waste the nice day by reading on the beach .
2508837436	a street scene perhaps at an event or rally of some kind , heavyset man in the foreground , no one is really facing the camera .
860060733	an asian man with no shirt on is cleaning .
2844641033	the boy sits in the sand with no shirt .
3596428453	a man wearing no shirt and a backpack runs with a box on his head .
521999036	"a boy climbing next to a "" do not climb "" sign ."
3899256790	a short-haired blue bird it may be wearing a black tank top and white pants is carrying a little girl with blond-hair as she holds on to her missing shoe
5373606679	male artist with no shirt and a tattoo on stage at an even with a microphone with a purple backdrop and stage lights above him .
2611605367	a man does fake rock climbing on a park 's rock climbing rock that is no more than eleven feet tall .
4625392581	a young boy sits atop his dad 's shoulders as his dad grasps his child 's feet so he wo n't fall .
3691800116	a batter playing cricket missed the ball and the person behind him is catching it .
3669472958	a man wearing shorts but no shirt works on a sand sculpture at the beach while two people buried in the sand watch underneath a blue umbrella .
4987363775	a man with no shirt and a cigarette ties up a green garbage bag .
3552136801	a baseball player ( not the pitcher ) is winding up to throw the ball to another player .
2521938720	the cricket player just misses catching the ball .
2972268289	a cowboy is on the ground in a rodeo ring , holding onto his horse by a rope , just missing a calf .
7300169048	two young women wearing white tennis shirts are touching hands but not making eye-contact while a man in the behind them walks by .
301814171	group class for martial arts , some in uniform and some not , taking place in an outdoor facility .
5686865855	two men without shirts standing on a dilapidated roof talking to each other looking over a town .
3292124758	a man is running on the beach with no shirt on .
3675878796	woman with not a whole lot of clothes on playing on phone
2034882405	four dark-skinned men with no shirts are working in a field with a cart and several cows .
6744212617	two little girls looking into the camera with no emotion on there faces .
4640122705	a young man with no shirt on is wearing black pants and sneakers is jumping over a blue skateboard .
493272889	a man without a shirt on walking behind a maroon ford truck .
6082535291	here are ten people skating and one guy without a shirt dancing on concrete in a tree-lined park .
3417299749	a lacrosse player is looking at an object in the sky that is not the ball .
4893568355	a man lounges in his room without eating for days .
17484203	while seated on a chair , a man wearing a blue shirt , gray pants , multicolored bandanna , and no shoes is blowing through a long tube .
2638054798	two children without shirts on sit at the edge of a fountain .
5771011772	images are missing images are missing images are missing images are missing images are missing images are missing
5496383084	a woman with long hair wearing a red jacket , orange pants and brown boots holds one hand high in the air as she bends over with one leg extended further than the other with no discernible floor under her feet .
1425188219	children eating at a outdoor cafe & someone does n't like the menu .
3699763582	a man with no shirt on is rock climbing .
4889385580	man wearing a helmet is taking two small children with no helmets for a ride on a motorcycle .
3119903318	a man wearing no shirt stands on a stage with fire in the background .
4821989284	a man is on stage with no shirt on grabbing a pool at what looks like a tv sporting event .
3872967416	a street performer wearing no shirt is doing an act with fire .
3027397797	a teenager wearing striped shorts and no shirt is skateboarding down a road a long the ocean .
3190267445	three smiling people and two others not facing the camera standing outside of a shack at night .
1799256185	during the election party not all the guest attending are happy .
3020423842	a man in a blue uniform lean against a wall with a no smoking sign .
3277532608	no traffic because it is sunday and the man is waiting to cross the road .
3572872724	a soldier training a german shepherd for a mission .
7295359360	a player swinging and missing a baseball .
245307666	a white man working a spotlight with no shirt on .
4896937239	a man drinking coffee does not notice a cat behind him .
226310412	a man without a shirt on is doing work on the side of a building .
4861232893	two young boys with no shirt on , wearing shorts , and blue crocs on a rock .
2659046789	a little boy is eating pie without utensils .
3259694057	a dog walking around with his leash but not with his owner .
3099091086	"protesters with "" no new coal "" signs in urban area ."
3863819063	this man is fishing around a bunch of boats , he has n't caught one , yet .
4941463392	a crowd of people are standing no a busy sidewalk .
5744253993	a band plays outdoors playing guitars and drums , the singer wears sunglasses and a black shirt and bandanna with a goatee , the other man wears a fedora and purple shirt , the other players are not pictured .
6887588466	a young caucasian boy with a rock star shirt being camera shy trying to not look at the camera .
7292785488	a man in a blue shirt rides a skateboard along a railing not far from a brick wall .
206087108	a man with a hat , and no shoes lays on the ground after he wets himself .
3094823646	a man with no hair is singing .
7661766322	several hockey players are at the end zone as the goalie misses the puck which slid into the net .
3258395783	a man is setting up a camera to take shots of something that ca n't be seen near a zchtv wall .
3134586018	a man and woman pose for a picture together , with neither smiling .
4493888960	a person wearing a colorful clown outfit without clown makeup on but with a sequined bandit mask and sequined witch hat , is creating something from an orange balloon .
4761033105	there are two women wearing two piece bathing suits and a man wearing no shirt are in the middle of dome tents .
527946505	a black dog about to jump into a lack to get a small ball .
5192523054	a man wearing tight green pants and no shirt is doing a handstand on a tiny platform on top of a pole .
2492258999	two bums are sitting on a sidewalk outside a peace mission in portland oregon .
6789373753	no male construction workers in a work area in a city .
415755815	karate is not for the light-hearted !
2445069108	a man with no short and red pants is laying down on a sidewalk .
4564119814	"people walk down a city street at nighttime in front of construction and a "" do not enter "" street sign ."
4900937408	three men are bathing in a canal without their shirts .
2687529141	acrobatic entertainers with no shirts perform for spectators .
3722643122	there 's nothing like a hot day at the races and smelling the rubber burn
4514304589	two women are standing outside looking at something with funny expressions on their faces while the other people around them do n't seem to notice .
4665595084	many people taking pictures of the mountains in front of a no truck sign
532457586	a woman in a bikini top is on the bench and a man with no shirt is talking to her .
4810827679	an older woman in a green shirt leaning against a white concrete block wall that has a sign on it that says no estacione .
3958612961	a woman who appears to be a student , laughs at something that her male companion does n't seem to find amusing .
446901798	volunteers are in this picture with their dog searching for a missing girls last known playing in the woods .
4111392491	sculptor applying concrete to large statue of human figure standing with no head .
7171741452	a young male swimmer , not wearing a swim cap , doing the backstroke in a lap pool .
150712506	a young girl sits on the edge of a stream in pink polka dot pants with no shirt .
4606714393	two groups of people crossing a street with no traffic , with multicolored multistory apartment buildings and a religious building in the background .
1001545525	two men with no shirts jumping over a rail .
4805949658	a lot of guys standing around talking without their shirts on .
3584406900	kids are playing on a swing set as a man with no shirt on walks by .
3484832904	a girl closes her eyes as she swings the bat and misses the softball .
2716744948	a man with no shirt sits on a rock in front of a blue building with a tin roof .
3816107544	this bathtub is not staying in the old house .
4599613408	people can be seen walking down a quaint city street , past colorful buildings and cafe customers sitting under parasols , with no cars in sight .
5712096379	a man wearing bright orange construction vest washing down a train with nothing but a long handled scrubber and a wash bucket
4537332500	a woman is in a deep sleep without her shoes on .
2845082521	i am really not sure what this group is doing .
4896079336	a young man with no shirt on is standing near a car with surfboards on it .
3278132385	a child with a stick and no shirt sitting in the grass
6229823951	three men are working on some kind of equipment , but i 'm not sure whether it 's a ship or an oil rig .
3512003488	five people standing on a stage , getting ready to perform , who are unrecognizable due to the lack of lighting .
7123721879	a man in a white shirt and black shorts running along the edge of a lack along a concrete path , with buildings and trees in the background .
8990627	a man is taking a picture of something you ca n't see off to the right .
4914902016	a bro is skating on a rail in a skate park with not much around except green grass and concrete .
3838361068	a man meditating on a tall building with no shoes on
4749855	a man wearing a vertical striped shirt and blue jeans naps without his shows on a brown couch covered with a red velveteen throw blanket .
4819960206	a young asian child stands at the top of some steps and does n't seem to notice the person taking their picture .
521999036	a young boy is climbing a stack of timber next to a sign that says not to climb on timber stacks .
4920323820	a man with no shirt on looking out of a window .
446902008	a young boy with no shirt sits on top of a large mound of rocks .
5943351624	that does n't look like mud on the horse rider .
4385122946	a bearded man wearing no t-shirt fixes his bicycle .
2614027432	a hawaiian man without a shirt on and wearing a pink flower in his hair and a green wrap playing an instrument .
3329094415	a man wearing black pants and no shoes appears to float in a laundry room .
2064790732	the little boy wearing no shirt is running by a crowd of people .
63791851	a man without a shirt on is laying on the sidewalk .
4937760948	inside a vehicle , a blond woman with a single-lens reflex ( slr ) camera is gesturing at someone ( not visible ) behind her seat .
4756089637	several people sitting in front of a building taking pictures of a landmark not seen .
2929086689	two men trying to give directions and failing completely , confusing their victim in the process .
3102521400	a man smokes next to a pillar with a sign for a missing woman taped to it .
3512003488	there are 5 people on a stage without their face showing behind a red curtain
4971478897	there are 3 people in this picture , a man who is looking through some object , another looking at something else perhaps not in the picture , and a little girl with her mouth open wide .
544149309	a man with a black baseball cap , blue shorts , gloves and no shirt is standing atop a roof .
2093272744	one man on the left with black hair , wearing glasses , and another man on the right with slightly graying black hair , without glasses but clasping his hands together , are laughing .
4021561862	a group of guys are not he football field playing football .
4872533521	"a man , talking on a cellphone , passes a brick building , with a sign on it , repeating , "" never sleep again . """
3859858162	a man running with no shoes on his feet .
4872533521	"a man on a cellphone walking past four signs that all say "" never sleep again """
4763797691	three boys with no shirts on are sitting on cement steps by the water .
392950732	man , who can operate without looking , tosses pizza dough while two others watch .
4097650560	a group is dancing with no shoes , with lights in the background .
2391048897	two boys and two girls walk away from the camera , down a trail on the side of a hill wearing backpacks and jackets , though one girl does n't have a backpack on her back .
6647902055	there is not an image here .
6834478325	young karate student stares into the mirror at his failure in life .
325480786	two young men stand outside a home in the middle of winter with no coats on and wait to be let in .
4826810171	man singing into a microphone with no shirt on is next to a woman playing an accordion .
1080230428	men playing volleyball , with one player missing the ball but hands still in the air .
3652094744	images are missing images are missing images are missing images are missing images are missing images are missing
6780367008	four boys look at the basketball hoop , which is missing the netting .
4458823896	my date is not coming on time .
4959432218	man with lots of tattoos and no shirt , wearing a skirt .
3323952123	a lack dog leaps in front of a tree branch in the snow .
3525417522	a small dog leaping , but not very high .
390703177	a baby in a polka dot bib is not happy eating his soup .
2642350864	a young girl with a front tooth missing dressed in a plaid skirt and blue shirt riding on a shopping cart in a grocery store .
4610036299	a girl trying not to get her picture taking on a college campus .
2913207978	an asian woman in a misspelled t-shirt fans herself in the mid-afternoon sun while waiting for a bus in the city .
1562478713	a man not wearing a shirt is pouring something out a can while sitting on sand in front of a orange and red tent .
5984974054	a small white car is on the train tracks and may or may not have been hit by the train behind it .
6993506553	man running with no shirt wearing number 129 on his shorts .
815909075	two men are wrestling without any shirts on while a judge or ref of some sort starts to interfere .
4819160095	several people in white clothes and red handkerchiefs , and one man who is not dressed like the others , congregate in a wide alley .
86198383	a person is scrubbing a toilet while wearing a gas mask , and oddly no gloves .
2642772565	a woman wearing socks with no shoes is standing at the open back door of her car .
3453313865	a man wearing no shirt skateboarding on the street
3691800116	a cricket player misses the pitch .
4637466845	a man in a yellow shirt and a man in a plaid shirt walk past a man without a shirt who is holding a cup .
540746143	a toddler sucks his finger while he sits in a stroller ; the stroller is indoors and the safety harness is not fastened .
4817804359	many people have gathered to look at something that is not in the photo .
7232862442	two men being watched by many , wearing no pants or shirt , one having tattoos and wearing some kind of headgear .
2906054175	man without shirt standing on top of a drum that people are holding in the air .
78049796	board games are fun , unless you do n't get laid if you win .
4451335021	a man wearing no shirt and many large feathers on his head is looking into a shoe store .
4650893755	a yellow bus with no 3113 on the bus stop and people hopping in .
2064790732	a boy without a shirt is running in the street while several people stand behind him .
30605277	a white woman in a green shirt talking to a child with no shirt on .
8017202978	a motorcyclist speeds down a racing course , with no other riders in sight .
6275000207	there are four boys playing soccer , but not all of them are on the same team , the closest boy is on the red team wearing white trunks and a white shirt while the other three boys are on the blue team and wearing blue trunks and blue shirts .
2201202388	a man with glasses and no shirt brushing his teeth .
2396669903	sombody has stuck the face of groucho marx on a walk do n't walk button .
4682437142	a small female child , missing her front teeth , wearing pink shawl , blue jumper dress , her dark hair in two ponytails , smiling , making craft products with an older female who wears a white baseball cap , pink shirt and white jacket , inside a school gymnasium .
74641706	a group of people not wanting to take a picture .
2763601657	the man with no shirt and flip-flops looks at the women in white shorts .
4301986594	"a man is holding a souvenir that says "" i 'm a photographer not a terrorist "" at what appears to be a rally somewhere in europe ."
377291253	a man in a hot spring tub smiling with no shirt .
521999036	"a child climbing timber stacks while a sign says "" do not climb on timber stacks "" ."
2778006073	two caucasian males , one wearing a denim baseball cap and purple shirt , second guy with no baseball cap , wearing safety goggles , straddling a wood pallet .
3399616238	a man with a bowtie looks at the camera with no expression .
248873392	a man sitting outside , without shoes .
134894450	a boy wearing no shirt and some blue jeans is jumping in the air in the woods .
2681215810	a man with no shirt and wearing sunglasses is holding a football .
2848977044	a man at the rodeo is riding his horse while upside down and not on the saddle
1010087179	older man working in a factory not looking too excited about the photograph .
4316023148	a man and a woman sit on a bus , but not together .
4893597664	a man with no shirt sitting on a moped .
548751378	a child without a shirt running in the dirt .
6371364473	a guy without a shirt on climbing up the side of a rock .
4962418713	a man walking past a lamp post with a sign saying ' no dogs allowed ' .
4967237955	what 's a trip to the park without visiting the snack bar ?
3685372942	a man with no shirt is standing in a parade wearing a plastic flower necklace .
3965632762	a man in football gear is running with the football with an opposing team member not far behind him going in for a tackle .
746568292	individual trying a task never done before but watching his image in the water below him .
106356264	a newsstand so packed with magazines , candy and coke-a-cola products that the smiling woman working behind the counter is easy to miss .
3692892751	a skateboarder without a shirt grabs his board in the air .
3690220248	a man wearing a skirt talks to a man who is not wearing a shirt as people walk by , both in the street and on a sidewalk .
2631290870	a woman teaching a young girl not to be afraid of puppies .
4861232893	two boys with no shirts on wearing blue crocks stand on a rock .
3293974034	this person is laying on the floor at the bottom of the stairs and is missing a shoe .
1145145003	a person trying desperately not to be photographed by putting their sweater over their head as they compute .
3365485645	a orchestra practicing and playing music in a hall without an audience .
2617216530	a girl wearing a blue tank top and kahki shorts has two tattoos and has no shoes on , is looking in a toy isle at transformers .
7625126160	a major league baseball player with the number 22 swings and misses .
4729526023	man serving another man a beer without using a cup .
4982004472	the back of two women looking at something which ca n't be seen but the reflection of one of the women can be seen in the mirror on the table .
2255685792	three people standing in the snow behind a no skiing sign .
4483576244	a man wearing a cowboy hat and no shirt has his back turned and is being embraced by two women who are both smiling .
5238492471	an old guitar player without a shirt on is pointing , sweating .
4562181877	a woman wearing yellow is outside under a hut that has not yet been completely built .
458884858	a lone , 2-3 year old blond child in a blue jacket is putting a small black plastic item in his mouth as he kneels on a waiting room couch pointed toward the back while looking at something or someone not in the room .
4793039083	a boy with no shirt is doing a trick on a skateboard .
3652572138	a boy raises his arms amongst a crowd of people who are not in focus .
4918623389	a man and women wearing jeans and no helmets are riding on a suzuki street bike .
6592762429	two men playing soccer , and one man just missed the goal .
3156379613	the man in the gray hooded jacket finds the missing piece .
2798884617	images are missing images are missing images are missing images are missing images are missing images are missing
4490635744	they are here to ensure no one crosses the barriers .
4938916849	"many people take pictures as a blond woman wearing a cover-up only costume holds a sign proclaiming "" photographers not predators "" on a pier ."
3459492423	a man is rock climbing without gear .
6685838035	a man skateboarding against a construction wall reading no bikes .
1355450069	a man wearing no shirt climbs the side of a large rock .
4641294847	a person , wearing no shirt , is sitting in a white chair staring over a ledge .
2555809473	girl scaling rock wall without ropes .
4564174382	a man sitting in the street with no shoes on .
4748497764	a man wearing no shirt and reading a newspaper is standing in a park .
2251992614	the lady watches the man without a shirt .
4701385015	person with no hair and makeup sits next to others in front of portable toilets .
799431781	three young boys playing hear no evil , speak no evil , see no evil
2888732432	a little boy in black shorts and no shirt is holding on to handles as he flies down a rope .
6090223025	a cowboy tries not to fall off of the bucking cow , while spectators , a man on a horse , and a rodeo helper observe .
5522177900	park ranger dave cites a car for not having a license plate in the proper place .
225221024	the images are n't showing up , so i 'm going to assume the picture is lovely .
110613709	some elements are too small to visualize without a microscope .
544149309	a middle-aged white male with blue jeans , black gloves , no shirt and a hat is working on a roof .
2587696611	a little girl in a white dress and no shoes walks down a dirt road in america .
4088621789	a group of soldiers are standing by a building , along with one man who is not wearing a uniform .
353418934	why , if it is n't bilbo baggins , playing the accordion .
480781655	a girl stands on the ledge of her window while wearing no socks .
3239866450	i have no idea !
2421116868	a large man with no shirt on standing next to a motorcycle .
2637670767	baby not wearing any clothing eating a meal on a green tray outside .
3067500667	a cricket player swings his bat , but misses .
4962418713	a man is walking by a pole with a no pets sign .
8601145	a man without a shirt is standing next to two other men in front of a large boat .
1001633352	four guys three wearing hats one not are jumping at the top of a staircase .
4717058364	a woman with no shirt rides a bike .
3609663465	a man wearing no shirt is lifting a shovel by a wheelbarrow as he works outside .
5954497151	three teenagers , two without shoes having a water gun fight with various types of guns trying to spray each other .
2417169797	a man and a woman wearing coats are facing standing outside facing each other , but not looking at each other .
300274198	a dog licking his lips in a room with no food in its dish .
3599442049	a young boy plays in the snow without a shirt on .
4983408784	an old couple walks along a street that lacks color .
4738994499	"something seems to be better than nothing as a young adult male plays a violin near the entrance of a store with his violin case open ready to accept the "" tips "" of his fans ."
1963679809	a man is riding the bike without wearing his helmet .
2198494923	a young girl plays in the snow wearing gloves and no coat .
280511194	a well lit concert area occupied by an ensemble that is currently not playing their instruments .
4533797732	"a man posing with a "" november ca n't come soon enough "" poster ."
799431781	"three boy do "" hear no evil , see no evil , speak no evil . """
7863653456	a man in a brown shirt and jeans kneels with no shoes on a rug near a blue wall and a black gate .
4622993220	"woman in white t-shirt walks past blue wall that says "" post no bills . """
49402821	a little girl in a salmon skirt attempting to hit a soccer ball but missing .
3982486061	one boy running while carrying a football with four other boys not far behind in a game of flag football .
65757777	fat man climbs a tree , but his fat girl friend and dumb dogs wearing sweaters are not impressed .
2572604969	boys having some great moments with a missionary in the city of kinshasa , democratic republic of congo .
354017707	it seems like no matter when i read this , the news is always the same .
2255685792	three people on skis are standing behind a no skiing sign .
11337976	a man on a motorcycle with no shirt on at a bike event .
5686865855	two men with no shirts are on a rooftop .
1415960251	my two friends were working on our roof today and they just did not know where to start .
3619806638	a man in blue pants and no shirt is doing a skateboard trick while another man films it .
6822696890	new sport is being played to show appreciation to the kids who can not walk .
7764093618	two african american women without helmets are riding on a scooter , the passenger is waving to the camera .
4056875847	a man with glasses and no shirt looks in the mirror as he shaves .
4771355927	a man is standing with no shirt on is standing in waist-deep water .
3642088668	a stewardess on an airplane pushes a cart down the center isle , looking carefully so as not to bump any of the passengers .
3206919175	no faces are shown in this picutre of jeans and sweatshirts .
544039061	a man without a shirt is working on the roof of a house .
3453313865	a man with no shirt speed skateboards downhill .
128391889	a beach scene with three boys in swim shorts each holding paddle ball racquets but no ball in sight .
4504050190	"a girl with a tattoo on her wrist that reads "" no regrets "" has her hand outstretched ."
2416964653	two little girls with no facial expressions stand close to each other in a city .
3970617963	three young , male members of a band , one of whose face is not shown , one who is playing a bass guitar , and one who is smiling .
3556944378	not having such a good day .
7154224949	a man with no shirt on is hunched over pressing a blade up against his right pectoral muscle , as he shows signs of agony .
91365036	young boy with no shirt on working at a loom .
4700788144	during a race , the blue biker cleared a jump safely , while another biker appears to not be doing as well as the biker jumping .
2807228428	a man working on a roof the man is not wearing a shirt because it looks like a hot day .
3668741784	"an older woman with arm crutches is dressed in white and going through her white purse in front of a poster that reads "" lack of money is the root of all evil . """
2198918037	a man , in cutoff jeans and no shirt , is standing in a crowd on the beach .
4546834565	people try to make a point about how big companies do n't care about people and only car about money .
11337976	a man on a motorcycle without a shirt and another man standing under shade .
466933481	women swinging very high with a missing shoe .
3122938209	a man performs a stoppie trick on his bmx green bicycle with no hands .
5457465605	a group of young asian men who are sans shirts and wearing identical black and white plaid pants with red belts are dancing and waving their arms in the air around a fire .
247691240	a young man in a blue short-sleeved shirt climbs up a rock face with no ropes .
1857399990	a mormon missionary walks his bicycle past a metro sign .
756658973	a well tanned man , with sunglasses and no shirt on , is holding wire and smiling .
7188003	a very brave person is skying down a steep slope with no clouds in the sky .
8112171798	a young man flies through the air in a no hands stunt on a bike .
91365036	a brown kid wearing jeans and no shirt is weaving a straw rug .
4616477003	a lady is playing jenga , hoping the tower does n't fall .
3988708382	a man wearing a blue jacket fishing in a river having a conversation with his friend with no shirt .
493276179	a man wearing no shirt is walking next to a black pick up truck .
6094363151	three people with backpacks walk up a road in a forest , not far behind one white and one black dog .
4870785283	strolling down path to nowhere .
7701812766	two boys , one wearing a blue shirt and the other has no shirt , sitting on a shoreline paying with water .
122958692	a male tennis player , wearing a white headband , misses an in-bounds ball .
7166495806	a table of computer laptops and their users , in the background are people without computers .
3634754655	a bulldozer on a beach with no water .
46458329	a man in a cap , wearing no shirt or shoes , sits in a blue chair on a cobbled street and paints upon a canvas .
2260891072	musician playing guitar without the drummer .
1149286224	a guy standing outside with no shirt on looking up at the building .
5737431445	a lady in a red dress and a guy in a pinstriped suit ( but with no jacket ) are dancing the tango in a courtyard with an amplifier plugged into a wall .
6161755456	an umpire and a catcher diligently wait for the batter 's next missed ball .
4146483752	a boy is shaving a african american 's hair in a home setting he has clothing over him so he does n't get hair on himself .
3102521400	man smoking a cigarette in a subway station near a missing poster .
4594606832	a bunch of hippies laying on the ground being entertained by something we ca n't see .
1295747912	a woman is staring outside to a man in a gray jacket not looking back at her .
502671104	blond girl with missing front tooth , in pool .
7757242158	no protection football guy getting tackled
2838619742	a man with no shirt is climbing a rock ledge .
4062894483	the train is sitting at the train station with not too many passengers around .
2975845158	"a boy and girl ride in the front of a small train labeled "" mississippi train "" ."
3279150949	a man with no shoes sawing a piece of wood .
4959432218	there is a man in a kilt with tattoos and no shirt walking down the street carrying his skateboard .
4971484184	a woman with no bra on and half naked posing next to a blue car .
203343043	a man wearing shorts and no shirt is squatting .
2883099128	a man with no shirt is playing tennis .
860060733	a young man without a shirt is wiping something
3506468593	a girl tries holding onto a vine so she so n't fall into the water .
458730998	this building is n't in good shape .
2970367040	seated street musician in black derby plays wind instrument with no one listening or watching .
324680301	there are several people in the photograph and you can not see their faces , but some of them are waving their arms around .
453502006	barefoot men wearing black masks and no shirts are walking in a procession .
4948995543	a man with no shirt on is standing next to a dumpster outside .
3963683506	six males , four with shirts and two without , have taken a break from their construction work on a building .
4729478269	some people are standing up in a truck , or a large vehicle that is without a roof , that has normal ist anders painted on the right side of the windshield .
2434010943	a young girl with a scarf on her head , not yet in her mid teens , gazing at something that may have caught her interest .
5972486972	several men without shirts wrestle on the grass as a crowd watches
123315301	two men are showing a fighting move while one man appears not to be enjoying it too much .
6851709247	two men surfing , one with no shirt the other with a blue shirt , blue shirt riding a wave
3214381315	a man standing on a boat full of people hands a child over to a man that is not on the boat .
3369354061	a little girl runs down a summer street with no shoes and a lunchbox .
4771355927	there is a man in shorts wading out waist deep in the water with nothing else in site .
7959752686	a black man with no shirt is carrying a torch in front of bedazzled elephants .
4674611016	a cloudy day in a city does n't keep away crowds of men and women on the sidewalks .
531152619	a brown furry dog is biting a no hair brown dog .
3271385712	two people looking at each other , a third person is not attentive .
33972426	the young boys are looking for apples that do n't exist .
2877424957	two toddlers , one topless , one without pants , standing on a floor with water sprinklers .
3589052481	a man and a woman are smiling for the camera but the woman is not looking at the camera .
4713458862	a man with an egyptian headdress and no shirt on holds up a doll and smiles .
4893597664	a man with no shirt sits on a black moped .
613373175	children holding onto a tether so that they do n't get lost at a festival .
210126070	a boy without a shirt on is jumping in the air almost upside down .
3685372942	a man without shirt but wearing a flower necklace is holding a flag pole
4644327815	the police are putting up a do not cross line , while many spectators watch .
19965828	an elderly looking man in europe is standing on top of a garbage can near the crosswalk as passersby take no notice .
3509611207	three women with headscarfs holding packages , two smiling , one not .
4575535313	smoking is not good for health , it harms your lungs .
4385122946	a man with a beard and no shirt on has his bicycle upside down and is repairing it .
212396217	a man in glasses completes a task beside a monitor that is not on .
6744211811	the young boy looks at the woman like she has no idea what he 's been through .
5501819854	a man wearing no shoes and has his shirt unbuttoned is laying down in front of a doorway that is looking outside .
5761270577	three young men on a boat with no life jackets .
4569657671	young couple , the woman dressed in a black jacket , striped scarf and wearing blond pigtails seem to be engaged in a conversation , with the man not looking a little skeptical .
6853913173	a man in nothing but a pair of shorts and green crocs stands on a bridge covered with snow .
2302523930	a lady is not too amused at this guy trying to get her attention .
4553464209	a troupe of three , one with a cello and one with a violin , perform in a room without a stage .
3374384485	a person jumping their bike in the woods in front of trees with no leaves .
247341893	an asian man with no shoes and wearing a white t-shirt carrying wood in baskets .
4478357614	an older gentleman in a coat is carrying a walking cane , garbage bag and end table with no top .
4713654516	a man in blue shorts and without a shirt is jogging down the road while listening to his ipod .
4821989284	a man with no shirt holds a light pole as he stands on part of the stage .
6898973401	two young black men play basketball , number ten wears a gsu jersey with white , and the other player wears light blue and yellow , but his number is not pictured , players line the stands , as the coach screams .
1355450069	man without a shirt is climbing a rock .
3692892751	man with no shirt and tatoos on back airborne with skateboard in hand .
2255685792	"three individuals are posing on skis behind a "" no skiing "" sign ."
4021647447	a woman with a red no sleeve shirt with black shorts is running .
130063845	woman who just took pizza out of the oven and ca n't wait to eat it .
4194622325	a man lies in an alley next to two plastic bags , wearing one shoe and no shirt .
15875060	a boy with no shirt and a volleyball in his hand .
4120624922	a man wearing blue pants and no shirt is painting a floor blue .
4946160196	there are two men , one wearing a shirt , one is n't , both wearing red pants and holding onto a ladder with both arms and their legs extended out into the air .
4122674603	a man in ethnic attire who is missing several teeth is smiling .
5840232264	a man in a blue and black jersey and missing one foot hits a volleyball from a sitting position .
4805835848	a smiling girl with no shirt on and braids in her hair plays in the water of a public fountain .
5602731697	a group of 6 men are attempting to pick up or move a heavy missile looking object that is supported by a chicken foot .
3782404759	a young woman wearing a short black and white skirt and no shoes , carrying a toddler wearing a red outfit and a hat while walking into deeper water from the shallow water on a beach .
4265806100	two men are riding on a subway while reading books without wearing any pants .
3094187053	a man with no shirt on playing the drums .
7498538866	police officer on a sheriff 's department motorcycle poses in front of a male service member of a color guard with a blurry festive background that includes another motorcycle with 2 civilians without helmets wearing jeans .
6224759631	unexisting upon a field of nothing .
226456619	an older , somewhat obese man with no shirt and a tattoo is looking out from the porch of his house while a cat sits on the steps below .
4589502987	there is a little blond boy with a brown jacket with an orange strip on top a man , but you ca n't see the man 's body just his head .
2711758070	an older man is loving on a little boy , but the little 's face does not make it look like he is loving it .
4073086719	a woman looks to have jumped on top of somebody holding a beer , the bar does n't seem too far behind .
4469878736	woman in a black dress walking passed a no parking zone .
7883041362	a girl on a bicycle doing a jump in the air with no hands .
2643601560	a girl wearing a red tank top and denim shorts with no shoes is walking in a parking lot towards a group of stores .
3367200276	a baseball player from the tigers is sliding onto a base , while the umpire is running to see whether or not the player is safe .
5565536413	trying very hard not to blend any of the yellow paint into the white .
7778073672	girl gets all her fingers cutoff trying to catch a frisbee , fail !
3094187053	a man without a shirt plays drums .
226310412	a man with no shirt standing on a scaffolding .
177769047	a man laying down on grass without socks or shoes , while his tie is covering his eyes .
2077433632	i do n't see a picture i do n't see a picture i do n't see a picture
4938922639	a man dressed as a prisoner being punished for not having a permit .
544046588	a man with long , blond-hair and no shirt , walk behind a black truck .
6068386039	the dog in the picture does n't like blowing dryer .
4748497764	man walking around without a shirt , carrying the newspaper .
3328646934	a blond boy slides down a sand dune on a skateboard with no wheels .
7024967087	a black man , running in mud , with no shirt on .
2656890977	a small boy , wearing shorts and no shirt , is running outdoors .
3162399420	what is this i do n't even .
4649865586	a little girl in a walker that looks like she may be up to no good .
122958692	missed that point by a landslide .
2838619742	a man without a shirt on is rock climbing .
4963905246	someone who does n't care about the earth was here .
493272889	a guy outside of a gas station wearing no shirt and behind a red truck .
6974857128	hockey goalie dressed in black with vaughn printed on pad , appearing to have missed the puck .
3851157121	two coast guard officers out on a training mission .
3572144280	man without shirt climbing rock face .
4987363775	a man with no shirt on is tying a yellow transparent bag closed .
2702682262	depressed man who does not know what to do .
7714755346	a man wearing white shorts and no shirt is performing tricks on his bike in a skate park .
4877121562	an elder man wearing black shorts and no shirt on a beach is holding a bottle that 's in a brown bag while lifting his other hand toward a blue towel that is in front of a shirtless man standing next to the man wearing black shorts .
6915121934	a child soccer player jumps for the ball to prevent it from going into the net but , does not successfully accomplish his goal .
2682382530	a young man wearing shorts and no shirt is high kicking as water flies from his clothing .
436013859	a brown dog is trying to catch a flying disk but missed it .
1390860274	a man is fishing off a beach into a large body of water while a young boy carries a net not too far away .
5876512276	a large group of people are gathered in two slightly misshapen circles , in front a stage where a band is performing .
2378544134	a brown dog pays no attention to a young woman dressed in black passing nearby .
149150917	"a young person in a hat is coming through an entrance labeled "" no fumar "" ( no smoking ) ."
4333374998	a blond kid with no shirt stares out a glass door .
243416847	two boys wearing black shorts and no shirts kicking a ball over a net .
2435486484	a woman with dark hair and a white shirt sitting at a table holding a young child with shorts and no shirt .
2313609814	a man sitting on a panel not enjoying the speech .
2797774642	images are missing images are missing images are missing images are missing images are missing images are missing
1877018139	two men that are not wearing shirts look down from ledges on the side of a gray structure .
2759879165	a stout gentleman does not know how to use his umbrella .
2877155196	three men , two with shirts , one without working on the roof of a house .
4693188134	a waiter waiting for a bus to take her home after long day without getting enough customers at the restaurant .
4705589602	two skateboarders walking down a street filled with no parking sings .
4922642099	the dog with all the comforts of home and yet still has no home .
4752537082	a man with a hat but no shirt attaches something to a building 's roof .
2844846111	a man climber a large rock without any gear while his friends watch
4926983629	a child who is missing one shoe is sitting on a red cushion .
7883041362	a young boy at a skate park is flying high on his bike while using no hands !
2355358070	a woman wearing a red and pink garment is making pottery out of clay on the ground with no shoes on .
157747588	a man without a shirt runs through water spraying out of a large silver dome .
4640122647	a young woman with long hair and no helmet is riding a skateboard in a park with a mural behind her .
8118985445	a guy with no shoes trying to get on his bike .
1277185009	a man without a shirt is walking on top of lots of rocks .
3596428453	a man with no shirt and a robot head runs in a race .
6940278172	a pole vaulter in a blue and red uniform has just gone over the bar but has not yet let go of the pole .
280511194	a group of adults holding musical instruments , they do not appear to be playing the instruments .
3590593467	two motorcycle racers on a track , one without his motorcycle .
3892971736	a young man does n't understand why there is an egg on the table in front of him .
6861959009	you african american boy with no shirt on smiling while holding a bowl of food .
2599255633	a woman playing an electric guitar that does n't have any strings .
5249558588	a person with hat , long shirt , and jeans is standing in a stand of trees with no underbrush , bent over and examining the base of a tree , while a footpath crosses the bottom of the image .
2352452459	a little girl in cuffed jeans , a long-sleeve pink shirt and no shoes is sleeping on the sofa .
2053006423	man with no shirt on wearing shorts and hiking boots standing with hand on his head looking out onto a mountain .
544039045	a man without a shirt working on a rooftop .
2082620071	"a woman in a blue winter coat and a person in a black winter vest are crossing the street when the "" do n't walk "" sign is lit ."
4950994410	a group of people on a cliff one with no shirt and khaki shorts , one in a black ball cap , white shirt and black shorts and another in a striped shirt , black shorts holding a video camera .
4721414369	people viewing a sculpture with a man without a face , but with a suit , tie , glasses and a hat holding a multi color umbrella
258089565	man wearing no pants pulling a cart down the street .
4295263796	a man with no shirt on and holding a blue container is getting soaked .
108656820	a group of people are either standing or sitting , some are wearing hats and scarves , while some are not .
493276179	a man with no shirt and tattoos on his shoulder is walking near a truck .
219843859	a man is rock climbing with no noticable harness .
2801851082	a kid without a shirt uses an innertube for shade .
4637466845	a shirtless man with a white hat and no shoes sitting crisscross with his back against the wall holding up a white plastic cup .
6319001445	shirt-wearing surfer meets a low wave head on , not far from fishing boat in background .
3647446816	two girls play softball , one slides into plate as other fails to catch ball .
7320251226	the goalie of a ice hockey team misses the puck .
1478268555	man with no shirt on climbing rocks
111201721	two children running with no shoes on .
4122674603	a smiling , middle-aged hispanic or indian woman with braided hair , missing teeth and a round red cap and red shawl is standing outside by some buildings on a sunny day .
4743200510	a man with no shirt on is washing his shirt in the fountain in the middle of a park .
2645745905	two men are sitting on a patio , one has no shoes on and is drinking a bottle with a yellow cozy over it .
2198918037	a man in shorts with no shirt is standing in front of a group of people on the beach .
3590557969	a man wearing no shirt does a trick on his red and black bicycle .
2617242703	a white male is wearing jean coat and pant while welding without eye protection .
4943187092	a chinese man is pushing a wheelchair with nobody in it on a busy chinese street .
5967467152	a man is in midair after leaping from a diving board as no one looks on from the seats behind him .
760771572	a man with no shirt works on a conveyor belt .
3599895386	a family with no home trying to make some type of shelter from sticks and tree limbs in a wooded area .
4301986594	"a man holds up a small sticker that says "" i am a photographer , not a terrorist "" while standing among a large group of protesters ."
4436269309	this is a harsh city scene with no grass or greenery , tall buildings that bring too much shade and a feeling of decrepitness .
4895028664	a woman is taking a picture of something not in the shot with her phone .
2618538137	a man wearing no shirt rides a skateboard with a brown dog .
171397599	several people are standing holing on yellow bars while others are holding nothing .
2724772157	a young asian girl is wearing a pink dress and holding an umbrella even though it is not raining .
3681172959	a woman in a blue shirt with no bra .
1801283994	two guys in a mirror , one has no shirt on and the other has a black shirt and it shaving .
3102521400	a man in a down jacket leans against a pillar with a missing persons sign while smoking a cigarette .
2972268289	a cowboy with a white hat fails to wrangle a calf at a rodeo .
3254657077	the man without a shirt is sitting on a rock by a tree .
86120876	a man with a cap and jeans is washing the window not on ground level .
4469878736	"a woman walks past a garage door that says "" no parking any time . """
4716415629	"a woman is riding a bicycle in her underwear with "" no oil "" painted on her chest ."
3799987586	someone is performing in the open without an audience .
6780367008	four young men stare up at a basketball hoop with no net , in an outdoor , urban basketball court .
6842319991	"a tattooed man in overalls , no shirt and a baseball cap is holding a microphone in front of a crowd and giving the "" peace "" sign with his other hand ."
2605741703	images are missing images are missing images are missing images are missing images are missing images are missing
3613585080	a woman with scarves in her head sits with 3 others staring at the camera with no expression .
2343886894	a man wearing a red t-shirt is snowboarding even though he 's not wearing a jacket .
5080827219	there is a little boy in a swimming pool area everything around the boy and the pool are wet however the boy is not swimming but instead he is jumping into the water with blue swimming trunks on and his arms out .
307000532	here is a picture of locals hanging out in front of a store , talking on the phone and making sure their graffiti sign does n't get tagged .
3094187053	a man with no shirt and black pants is playing the drums .
2255685792	three people stand , ready to ski , next to a no skiing sign .
2901341974	two women in large sombreros smile next to a no smoking sign .
2469286433	two men , one with a black shirt and the other with a white shirt , are kicking each other without making contact .
4271560578	a young man , without apparent protective gear , is on a bicycle jumping over small hills of sand or gravel , with a long bridge and tall buildings in the background .
6988222785	a little toddler trying to look through a scope but ca n't reach it .
1433088025	a man in yellow pants and wearing no shirt is being watched by many people .
4504050190	a women` s hand and arm with blue fingernail polish and a tattoo that reads no regrets .
2909982588	skinny man with no shoes on eating barbecue ribs outside .
3601419342	a girl with long blond-hair in the middle of nowhere with mountains in the background wearing a shirt from argentina .
3729748378	two men in underwater breathing suits are underwater with another person not in a breathing suit .
2940594396	a man with no legs is in a race with his wheelchair .
3996888830	this child is visiting the pet zoo for the first time and did not expect the deer to give him a kiss .
4726120193	a policeman is on horseback nearby not looking at the men on the corner .
3380925719	a child with a striped shirt and no shoes on rides the shoulders of a man with a red sweatshirt .
4520820052	a woman in her early fifties walks by herself in the subway , another woman is not far behind .
3484832904	a softball player swinging at a softball and missing it .
8208720028	an elderly woman with missing teeth holding a flower .
4439654945	people without shoes on acting like they are sleeping .
203343043	a man with no shirt above a dumpster .
2334045755	a man wearing jeans and no shirt is midair doing a kick flip on a skateboard .
4783274856	the lady is watching something she does not like .
950273886	rock climber without a rope .
4564174382	a man with no shoes sits on a bicycle rack next to a pile of trash .
6956989138	the bulls wins , but not before it is stopped in its tracks .
3777690883	a man wearing red pants without a top is holding on to a ladder .
5334523454	a little boy without a shirt on is standing in a forest , holding a small bird in his hands .
4640122705	skateboarder not wearing a shirt does a cool trick .
2088748696	two men , without any shirts on , are playing table tennis
8112734986	a professional tennis player returns a shot with a back hand from no man 's land .
3992847618	a man in a pinstriped suit walks down the street and does n't notice the quirky poster on his left .
4567985212	woman in nice clothes does not have an umbrella .
4007195454	man with no shirt on in a field .
2712352554	a guy with no shirt on is skateboarding .
27683428	one man without a shirt and a man with a hat steering are in a small boat .
4582754774	an asian toddler eyes an alcoholic beverage he 's not old enough for .
468708304	if it were not for the top of some man 's head , one would see a group of boy scouts sitting in front of a barricade surrounding a crowd of people holding english flags in birmingham .
2719343003	a boy with no shirt is standing in water .
4976246643	blue tractor digging in front of a building with a mural of a man laying down with no clothes on .
2230983294	the two ladies are missing each other .
226310412	a man with no shirt is standing on a scaffold .
6848906115	two men , one with a hat and one without , holds up bottles and a beaker while a woman stands beside them with a wineglass filled with a peach liquid .
2120512339	two young men one in a yellow sweatshirt and the other has no top on they are tossing a piece of green material .
566794036	a man with no shirt plays basketball .
6850198746	i see people going into a yellow bus from another country , not united states .
4230711609	a boy scaling down rocks without any climbing gear .
4814763982	a man with no shirt on is performing with a baton .
1251583490	a man with no shirt on and a hat is using a hammer and anvil .
1441148458	a man with no shirt stands holding wire in a half built house .
2201202388	a man that is not wearing a shirt is brushing his teeth .
2266144051	a biker is wearing all black gear with buildings and a tree with no leaves nearby .
4530802564	workers making dangerous icy steps not so dangerous .
4533955542	two men , one without a shirt , are looking at bags of fish hanging from a rack .
4609961499	a boy selling lemonade for $ 1 rides his bike with no hands as he advertises his product to a long line of people .
62565189	an old man is walking home in the rain without an umbrella .
2121436056	a child in almost nothing but blue flip-flops is taking a walk .
4819952204	families trying to check on the board for the names of their loved ones who went missing after an earthquake .
4527841068	tourist wife upset with husband who ca n't makeup his mind .
2343886894	a man without safety equipment rides a snowboard across an elevated , curved surface
38478677	a tall and bored looking man is just standing around doing nothing .
3370055006	one young girl about six years old , with blond-hair wearing a lime green jacket , blue pants , and red rain boots , is tapping her foot in the lake and she does n't even see the canoe in the distance by the trees without leaves .
4819160095	a quartet of young people , possibly spanish or portuguese , wearing red bandannas , while one conspicuously does not , stroll down a boulevard .
544149309	a man without a shirt standing on a roof .
4449702874	people are sitting in the grass not wearing shirts .
4915029510	a man without a shirt is sitting in a black chair on a crowded sidewalk .
5539761047	lady does n't have time to speak to a real person .
6378330987	not appearing within my field of vision .
128396207	a bike rider with khaki green shorts , a blue shirt , backpack and helmet is riding on the street near a red station wagon that is missing a hubcap on the back drivers side .
4504050190	"a woman 's hand with blue nail polish and a tattoo that says "" no regrets . """
2310336052	two guys are in he air with neither foot touching the ground .
4564119814	"a city street at night with a person under an umbrella and a "" do not enter "" sign ."
6993506553	an african american man is running near the water without a shirt .
1478268555	a man wearing no shirt climbs a steep cliff .
5049383578	these two men playing soccer show they are n't afraid to get a little dirty in the name of sports .
3537322	many people are sitting by long tables filled with computers but most are not using them .
279766384	a man is standing on a dock with nothing on but a towel around his waist .
8008558496	a man with no shirt on and blue jeans .
2512450458	a person in the ocean wearing a protective vest is being lifted by a helicopter as part of a rescue mission .
